{"Date": "2026-05-29","X": 1970.5880362583898,"Y": 74.5,"Z": 4717.905255388605}