{"Date": "2026-06-02","X": 588.6490914768871,"Y": 123.0,"Z": 581.7005505906843}