{"Date": "2026-05-28","X": 1549.1954693481953,"Y": 63.5,"Z": 4728.206456025962}