{"Date": "2026-05-29","X": 12017.467076615447,"Y": 65.0,"Z": -1340.419180467032}