{"Date": "2026-05-28","X": 882.11216798118,"Y": 63.0,"Z": 4543.773629991108}