{"Date": "2026-05-30","X": 6969.828302823642,"Y": 185.0,"Z": 7240.255920406885}