{"Date": "2026-05-29","X": 1983.0945194462681,"Y": 65.0,"Z": 4766.017155214085}