{"Date": "2026-05-28","X": 749.8422512715198,"Y": 107.0,"Z": 4776.797680547571}