{"Date": "2026-05-28","X": 911.3254042186854,"Y": 75.9375,"Z": 4166.158900644453}