{"Date": "2026-05-28","X": 1491.944988903007,"Y": 77.0,"Z": 5198.875008832362}