{"Date": "2026-05-28","X": 866.6999999880791,"Y": 66.5,"Z": 4460.472002692484}