{"Date": "2026-05-29","X": 3990.504699064408,"Y": 151.49328974886888,"Z": 5493.096487815271}