{"Date": "2026-05-28","X": 1231.9019129797107,"Y": 58.0,"Z": 4710.144849098577}