{"Date": "2026-05-28","X": 1967.5368492816149,"Y": 64.125,"Z": 4331.490875965257}