{"Date": "2026-05-28","X": 1260.699999988079,"Y": 75.5,"Z": 4852.300000011921}