{"Date": "2026-05-28","X": 743.5009591531395,"Y": 107.0,"Z": 4747.297813865262}