{"Date": "2026-05-29","X": 2042.2523841523696,"Y": 64.0,"Z": 4752.627642785204}