{"Date": "2026-05-28","X": 1928.5072892965577,"Y": 72.5,"Z": 4966.693237480178}