{"Date": "2026-05-30","X": 5845.088680025531,"Y": 70.0,"Z": 6755.987729798651}