{"Date": "2026-05-29","X": 1753.8753513021857,"Y": 98.0,"Z": 4443.850880906203}