{"Date": "2026-05-28","X": 1132.9238639299274,"Y": 64.0,"Z": 4552.59978831196}