{"Date": "2026-05-29","X": 418.9731208656279,"Y": 75.0,"Z": 4421.954049367685}