{"Date": "2026-06-09","X": 5870.6497274508565,"Y": 70.0,"Z": 6739.264452332429}