{"Date": "2026-05-29","X": 9596.810455269162,"Y": 76.0,"Z": -722.1310791384616}