{"Date": "2026-05-29","X": 1931.3838725076953,"Y": 65.0,"Z": 4806.887954005609}