{"Date": "2026-05-29","X": 729.5639524474474,"Y": 68.0,"Z": 4524.659875702391}