{"Date": "2026-05-28","X": 866.373985450997,"Y": 118.0,"Z": 4736.540085635278}