{"Date": "2026-05-29","X": 9516.050000011921,"Y": 93.0,"Z": -671.7936107632277}