{"Date": "2026-05-28","X": 2029.268356734306,"Y": 64.0,"Z": 4388.252555313996}