{"Date": "2026-06-16","X": 1737.6056390041438,"Y": 68.0,"Z": 4290.425120315324}