{"Date": "2026-05-28","X": 1906.0864072506374,"Y": 93.5,"Z": 4938.412279082174}