{"Date": "2026-06-02","X": 1974.2092994908508,"Y": 89.0,"Z": 5515.447630097036}