{"Date": "2026-05-28","X": 1442.7946921694186,"Y": 63.0,"Z": 4380.388222726848}