{"Date": "2026-05-29","X": -1350.2576770245053,"Y": 78.0,"Z": 5439.300000011921}