{"Date": "2026-05-29","X": 417.32796123638445,"Y": 88.0,"Z": 4418.369605012659}