{"Date": "2026-06-12","X": 1350.241939631529,"Y": 74.0,"Z": 4397.6768381217735}