{"Date": "2026-05-28","X": 1449.323705338412,"Y": 76.0,"Z": 4592.699999988079}