{"Date": "2026-05-28","X": 1105.6905551671643,"Y": 71.0,"Z": 4534.564269943562}