{"Date": "2026-05-29","X": 2026.4415416527927,"Y": 64.0,"Z": 4710.058878421444}