{"Date": "2026-06-16","X": 1876.5309980778918,"Y": 115.0,"Z": 4115.268219205021}