{"Date": "2026-05-28","X": 1903.4941532535483,"Y": 75.4375,"Z": 4952.440788469795}