{"Date": "2026-05-29","X": 2450.325198047819,"Y": 89.0,"Z": 6009.126587121005}