{"Date": "2026-05-28","X": 2305.4940407612353,"Y": 126.0,"Z": 4111.4552049350805}