{"Date": "2026-05-28","X": 1718.6475572660274,"Y": 67.0,"Z": 4859.057686608001}