{"Date": "2026-05-28","X": 1001.5732388761425,"Y": 69.0,"Z": 4673.725715874576}