{"Date": "2026-05-28","X": 2011.8599920392037,"Y": 64.0,"Z": 5028.514500410301}