{"Date": "2026-05-28","X": 846.9167245806065,"Y": 106.0,"Z": 4790.991598955527}