{"Date": "2026-05-28","X": 1947.3127857862405,"Y": 64.0,"Z": 4902.386368975638}