{"Date": "2026-05-28","X": 1099.7946267818634,"Y": 71.0,"Z": 4636.003786149465}