{"Date": "2026-05-29","X": 11209.619965863172,"Y": 67.0,"Z": -186.92500001192093}