{"Date": "2026-05-29","X": 490.12727084675333,"Y": 73.0,"Z": 4352.095323461815}