{"Date": "2026-05-28","X": 1104.1201287993663,"Y": 72.0,"Z": 4747.35721189469}