{"Date": "2026-05-28","X": 1372.373902621197,"Y": 67.0,"Z": 4338.4637044922565}