{"Date": "2026-05-28","X": 1144.8632823998594,"Y": 73.0,"Z": 4575.251534555951}