{"Date": "2026-05-29","X": 401.0473019576201,"Y": 69.0,"Z": 4421.707089063974}