{"Date": "2026-05-29","X": 11155.83279428275,"Y": 68.0,"Z": -170.69789465966312}