{"Date": "2026-05-28","X": 911.2193123826592,"Y": 65.0,"Z": 4462.589641750717}