{"Date": "2026-05-29","X": 2185.699999988079,"Y": 60.0,"Z": 4919.525891541826}