{"Date": "2026-05-29","X": 794.9317796249212,"Y": 77.0,"Z": 4658.120880350973}