{"Date": "2026-05-30","X": 5872.5647045586875,"Y": 70.0,"Z": 6740.364916567904}