{"Date": "2026-05-29","X": 1936.8181373000123,"Y": 64.0,"Z": 4702.045304132078}