{"Date": "2026-05-28","X": 919.3164030206005,"Y": 70.0,"Z": 4713.065292310479}