{"Date": "2026-05-28","X": 1954.4353809763238,"Y": 71.0,"Z": 5098.6817306469375}