{"Date": "2026-05-29","X": 11159.029380418104,"Y": 89.0,"Z": -182.68963831424637}