{"Date": "2026-05-29","X": 9435.489918446572,"Y": 76.0,"Z": -762.7046304546379}