{"Date": "2026-05-28","X": 1107.9671381586095,"Y": 71.0,"Z": 4633.096925453344}