{"Date": "2026-05-28","X": 1157.6074332978467,"Y": 64.0,"Z": 4440.81019608054}