{"Date": "2026-05-29","X": -1859.156641114085,"Y": 97.0,"Z": 96.93468065418837}