{"Date": "2026-05-29","X": -1356.3509558565693,"Y": 89.0,"Z": 5430.13661975976}