{"Date": "2026-05-29","X": -1320.7170890921632,"Y": 71.0,"Z": 5188.480435841249}