{"Date": "2026-05-29","X": 2034.1677108969036,"Y": 70.0,"Z": 4792.358263501272}