{"Date": "2026-05-29","X": 11115.031296169189,"Y": 68.0,"Z": -152.63912865620912}