{"Date": "2026-05-28","X": 921.9609247770802,"Y": 86.0,"Z": 4461.421174295756}