{"Date": "2026-05-28","X": 1351.3310851590156,"Y": 69.0,"Z": 4369.538998173801}