{"Date": "2026-05-28","X": 840.3706649135582,"Y": 127.0,"Z": 4771.792297540208}