{"Date": "2026-05-29","X": -1291.0400169080003,"Y": 74.0,"Z": 5249.59283188732}