{"Date": "2026-05-29","X": 1976.0988253890982,"Y": 64.0,"Z": 4826.660553787042}