{"Date": "2026-05-29","X": 4001.3472779022613,"Y": 116.0,"Z": 5479.648448064738}