{"Date": "2026-05-28","X": 1094.2655070817539,"Y": 67.0,"Z": 4662.2942986174685}