{"Date": "2026-06-16","X": 371.92500001192093,"Y": 103.0,"Z": 4759.004458488611}