{"Date": "2026-05-29","X": 1977.0664145831795,"Y": 20.0,"Z": 4758.3025401916875}