{"Date": "2026-05-29","X": -1375.0173650956908,"Y": 72.0,"Z": 5409.664489844912}