{"Date": "2026-05-29","X": 1919.3765981099368,"Y": 64.0,"Z": 4722.336403005301}