{"Date": "2026-05-29","X": -2828.775255703634,"Y": 71.0,"Z": 48.652251544372966}