{"Date": "2026-05-28","X": 1909.7176685937222,"Y": 85.0,"Z": 4937.123380554755}