{"Date": "2026-05-29","X": 1976.9866925604779,"Y": 70.0,"Z": 4815.118428660762}