{"Date": "2026-06-12","X": 1938.8178003164787,"Y": 64.0,"Z": 4373.681448784191}