{"Date": "2026-05-28","X": 1330.6401937675093,"Y": 81.0,"Z": 4356.389215614246}