{"Date": "2026-05-29","X": 2118.755309080126,"Y": 156.1068859513577,"Z": 4943.942808518526}