{"Date": "2026-06-12","X": 1879.21299951976,"Y": 108.06854768119146,"Z": 4408.030478279911}