{"Date": "2026-05-29","X": 2050.9118790100456,"Y": 65.0,"Z": 4666.520039387551}