{"Date": "2026-05-29","X": 11512.266421833083,"Y": 65.0,"Z": -1097.9880509314617}