{"Date": "2026-06-12","X": 1400.7670465337399,"Y": 106.5,"Z": 4084.3707728283357}