{"Date": "2026-05-28","X": 1148.6134195610784,"Y": 81.0,"Z": 4583.3802400996865}