{"Date": "2026-05-29","X": -1377.8646652012862,"Y": 72.0,"Z": 5418.565913433334}