{"Date": "2026-05-28","X": 1532.3110519476256,"Y": 75.0,"Z": 5005.558250807352}