{"Date": "2026-05-29","X": 2012.1167007823894,"Y": 65.0,"Z": 4690.030971600992}