{"Date": "2026-05-28","X": 1360.25674698794,"Y": 88.0,"Z": 4353.686960812309}