{"Date": "2026-05-29","X": 11112.864284576071,"Y": 74.0,"Z": -176.50641036662884}