{"Date": "2026-05-28","X": 1130.3243021648193,"Y": 62.0,"Z": 4597.903918324749}