{"Date": "2026-05-29","X": 1897.3077145477719,"Y": 82.0,"Z": 4806.528551055239}