{"Date": "2026-05-28","X": 1068.3938022566902,"Y": 72.0,"Z": 4474.004435118883}