{"Date": "2026-05-28","X": 2152.002402945743,"Y": 79.0,"Z": 5015.110632732598}