{"Date": "2026-05-28","X": 1138.7416814191988,"Y": 70.0,"Z": 4668.11985591086}