{"Date": "2026-05-28","X": 1542.432209057816,"Y": 65.0,"Z": 4839.857256892408}