{"Date": "2026-05-28","X": 1450.0107814260662,"Y": 64.5,"Z": 5084.047866842523}