{"Date": "2026-05-29","X": 2054.653301191068,"Y": 66.0,"Z": 4769.511921248134}