{"Date": "2026-05-29","X": -1874.375809743614,"Y": 70.9375,"Z": 72.10437791449195}