{"Date": "2026-05-28","X": 1338.4415523114715,"Y": 115.0,"Z": 4337.603069978195}