{"Date": "2026-05-29","X": 1996.8929578955306,"Y": 65.0,"Z": 4843.599527611054}