{"Date": "2026-05-29","X": 459.0823324229641,"Y": 69.875,"Z": 4303.297315366856}