{"Date": "2026-05-29","X": 6697.567925706827,"Y": 201.0,"Z": 7746.17684256312}