{"Date": "2026-05-30","X": 6909.804876886547,"Y": 66.0,"Z": 7336.810519220325}