{"Date": "2026-05-29","X": 10957.722893451497,"Y": 65.0,"Z": -318.6244309312904}