{"Date": "2026-05-29","X": 11673.412481757787,"Y": 64.0,"Z": -819.9492322762737}