{"Date": "2026-05-29","X": 11668.428410696897,"Y": 65.0,"Z": -810.0150699311573}