{"Date": "2026-05-28","X": 404.5807433327005,"Y": 133.0,"Z": 4878.705834261006}