{"Date": "2026-05-30","X": 6798.632146691683,"Y": 64.0,"Z": 7321.540150546073}