{"Date": "2026-05-29","X": 11121.271429823206,"Y": 76.0,"Z": -250.2791566989877}