{"Date": "2026-05-29","X": 11141.813674100356,"Y": 68.0,"Z": -176.18461663012528}