{"Date": "2026-05-28","X": 1709.73632498565,"Y": 55.0,"Z": 4762.031110082415}