{"Date": "2026-05-29","X": 1998.5644140074326,"Y": 65.0,"Z": 4636.091233925704}