{"Date": "2026-05-29","X": 2031.634765671784,"Y": 64.0,"Z": 4810.884157497141}