{"Date": "2026-05-29","X": 1970.7329717317061,"Y": 14.5,"Z": 4736.154160693477}