{"Date": "2026-05-28","X": 1184.203778349927,"Y": 72.0,"Z": 4804.776308666199}