{"Date": "2026-06-02","X": 593.9275998887297,"Y": 124.5,"Z": 562.9731697064993}