{"Date": "2026-06-16","X": 1732.309789128762,"Y": 67.5,"Z": 4270.984889016775}