{"Date": "2026-06-12","X": 1445.19508220555,"Y": 63.0,"Z": 4371.475073521218}