{"Date": "2026-05-29","X": 3991.047180767902,"Y": 140.0,"Z": 5518.918903108402}