{"Date": "2026-05-28","X": 1015.5443829542427,"Y": 63.0,"Z": 4835.8906964274}