{"Date": "2026-05-29","X": 9415.301501852233,"Y": 72.0,"Z": -779.7780688939238}