{"Date": "2026-05-29","X": 1980.0669178199735,"Y": 65.0,"Z": 4755.980961052581}