{"Date": "2026-05-29","X": 1826.8549126124733,"Y": 63.0,"Z": 6379.602795805562}