{"Date": "2026-05-28","X": 787.1293330093343,"Y": 119.0,"Z": 4661.209257836921}