{"Date": "2026-05-29","X": 808.330576190777,"Y": 77.0,"Z": 4656.115990383877}