{"Date": "2026-05-29","X": 3961.699999988079,"Y": 106.0,"Z": 5504.831399635698}