{"Date": "2026-05-28","X": 1929.9825806275994,"Y": 79.5,"Z": 5011.963807560829}