{"Date": "2026-05-29","X": -1340.3045384339794,"Y": 80.0,"Z": 5474.667599027746}