{"Date": "2026-05-28","X": 977.2388604476752,"Y": 64.0,"Z": 4735.786346409703}