{"Date": "2026-05-29","X": 4024.792279051886,"Y": 158.0,"Z": 5418.213052796633}