{"Date": "2026-05-29","X": 2130.506001997076,"Y": 85.0,"Z": 4941.670220048288}