{"Date": "2026-05-29","X": 471.1356103458807,"Y": 69.0,"Z": 4292.9633184497225}