{"Date": "2026-05-28","X": 1922.9664182025954,"Y": 76.0,"Z": 4965.699999988079}