{"Date": "2026-05-29","X": 1862.9470147579698,"Y": 101.0,"Z": 4806.430906946824}