{"Date": "2026-06-13","X": 1634.9335236539912,"Y": 64.0,"Z": 4327.634563828305}