{"Date": "2026-05-29","X": 9540.298162543057,"Y": 90.0,"Z": -900.9536389164496}