{"Date": "2026-05-28","X": 876.3750721347113,"Y": 68.5,"Z": 4188.265843936338}