{"Date": "2026-06-16","X": 1880.6675218899104,"Y": 151.0,"Z": 4129.923801082193}