{"Date": "2026-05-29","X": 773.1760386512133,"Y": 9.0,"Z": 4679.34802024122}