{"Date": "2026-05-29","X": 2049.6290867022813,"Y": 64.0,"Z": 4738.509044316081}