{"Date": "2026-05-29","X": -2857.9616495535824,"Y": 73.0,"Z": 99.72037634807407}