{"Date": "2026-05-28","X": 1353.6732877917705,"Y": 88.0,"Z": 4352.522699709652}