{"Date": "2026-05-29","X": 2054.026190715681,"Y": 85.0,"Z": 4941.294464507596}