{"Date": "2026-05-29","X": 1934.6073610467602,"Y": 64.0,"Z": 4770.628116166614}