{"Date": "2026-05-28","X": 1138.1498418581973,"Y": 72.0,"Z": 4572.007527411735}