{"Date": "2026-05-28","X": 1939.7004755536227,"Y": 136.37787180979032,"Z": 4422.382387083469}