{"Date": "2026-05-29","X": 6700.299184953382,"Y": 63.0,"Z": 7737.333707766352}