{"Date": "2026-05-31","X": 6403.721202279777,"Y": 177.0,"Z": 7703.297066770573}