{"Date": "2026-05-29","X": 11145.95088555325,"Y": 71.0,"Z": -135.9499332312791}