{"Date": "2026-05-29","X": -1325.949999988079,"Y": 87.0,"Z": 5243.987500011921}