{"Date": "2026-05-28","X": 1721.5798237127335,"Y": 76.0,"Z": 4704.790322573702}