{"Date": "2026-05-30","X": 6944.508318499444,"Y": 70.0,"Z": 7166.759567093526}