{"Date": "2026-05-28","X": 1447.0069038944955,"Y": 61.9292021591085,"Z": 4738.423793625285}