{"Date": "2026-05-28","X": 2293.511927084944,"Y": 120.0,"Z": 4228.626808206855}