{"Date": "2026-05-28","X": 1908.5877252174614,"Y": -59.0,"Z": 4916.253020848229}