{"Date": "2026-05-28","X": 906.6999999880791,"Y": 60.0,"Z": 4392.269901343458}