{"Date": "2026-05-28","X": 1955.4706524996873,"Y": 65.0,"Z": 4465.831548442171}