{"Date": "2026-05-29","X": 9615.50957704508,"Y": 77.0,"Z": -732.6538169901684}