{"Date": "2026-05-29","X": -1355.2375342461623,"Y": 72.0,"Z": 5179.56218733547}