{"Date": "2026-05-29","X": 11692.311763055155,"Y": 19.0,"Z": -796.7495329715006}