{"Date": "2026-05-28","X": 1187.7968267967083,"Y": 72.0,"Z": 4127.577563878749}