{"Date": "2026-05-29","X": 1998.430433003862,"Y": 65.0,"Z": 4888.599179783105}