{"Date": "2026-05-29","X": 11100.147833085606,"Y": 69.0,"Z": -152.99776009964384}