{"Date": "2026-06-12","X": 1386.5950949990408,"Y": 68.0,"Z": 4374.9063359303545}