{"Date": "2026-05-29","X": 9450.946045373184,"Y": 69.0,"Z": -659.4493559641062}