{"Date": "2026-05-28","X": 1483.699999988079,"Y": 67.0,"Z": 4370.44794374668}