{"Date": "2026-05-28","X": 931.3000000119209,"Y": 74.0,"Z": 4408.237500011921}