{"Date": "2026-05-28","X": 1745.8436906011202,"Y": 64.0,"Z": 5101.32488998744}