{"Date": "2026-05-29","X": -1366.8283915306245,"Y": 73.0,"Z": 5416.637634860874}