{"Date": "2026-06-12","X": 978.8821736429862,"Y": 140.5326013586206,"Z": 4628.028864027179}