{"Date": "2026-05-29","X": -1341.7171023305782,"Y": 79.0,"Z": 5462.994847428733}