{"Date": "2026-05-28","X": 1721.5300977669713,"Y": 102.0,"Z": 4952.507880923055}