{"Date": "2026-05-29","X": 1965.720097145181,"Y": 64.0,"Z": 4417.335401001045}