{"Date": "2026-05-29","X": 2054.6152841306657,"Y": 71.0,"Z": 4755.955004584855}