{"Date": "2026-05-29","X": 11183.733199732043,"Y": 64.0,"Z": -178.3163707739387}