{"Date": "2026-06-12","X": 1889.9600071751793,"Y": 64.0,"Z": 4390.318962280681}