{"Date": "2026-06-16","X": 1738.157204481531,"Y": 64.0,"Z": 4327.477725826699}