{"Date": "2026-05-29","X": 767.4512597508519,"Y": 61.0,"Z": 4677.920214834439}