{"Date": "2026-05-28","X": 1700.5478843109927,"Y": 59.0,"Z": 4759.564723288315}