{"Date": "2026-06-02","X": 607.8389492264198,"Y": 114.5,"Z": 546.7505353017555}