{"Date": "2026-05-28","X": 1301.6440944923236,"Y": 64.5,"Z": 4534.787064611837}