{"Date": "2026-05-28","X": 893.2007120820426,"Y": 64.0,"Z": 4482.033358388928}