{"Date": "2026-05-30","X": 6909.717799468501,"Y": 82.0,"Z": 7335.028166190902}