{"Date": "2026-05-28","X": 1276.440399006635,"Y": 65.0,"Z": 4860.513990583814}