{"Date": "2026-05-28","X": 1462.9903294907901,"Y": 89.0,"Z": 4011.1570815684886}