{"Date": "2026-05-29","X": 1984.665091402501,"Y": 78.0,"Z": 4794.620333067992}