{"Date": "2026-05-28","X": 1328.2180074965872,"Y": 64.0,"Z": 4911.699999988079}