{"Date": "2026-05-29","X": 1945.213037483426,"Y": 64.0,"Z": 4755.112635039155}