{"Date": "2026-05-28","X": 1931.4397448108339,"Y": 80.0,"Z": 5070.354202655985}