{"Date": "2026-05-29","X": -1426.2832949262518,"Y": 77.0,"Z": 5482.487242205531}