{"Date": "2026-05-28","X": 868.3951967994869,"Y": 64.0,"Z": 4508.886917596254}