{"Date": "2026-05-29","X": 1958.6890636037454,"Y": 64.0625,"Z": 4729.167012172736}