{"Date": "2026-05-29","X": -1352.3098331077854,"Y": 69.0,"Z": 5412.320052358007}