{"Date": "2026-05-28","X": 1319.6344787471492,"Y": 113.52152950211823,"Z": 4858.48411575172}