{"Date": "2026-05-30","X": 5856.4268809207,"Y": 70.0625,"Z": 6753.234753952103}