{"Date": "2026-05-29","X": 505.8220548526509,"Y": 63.0,"Z": 4304.0554699987515}