{"Date": "2026-05-29","X": 3915.300000011921,"Y": 71.0,"Z": 5564.013828715487}