{"Date": "2026-05-29","X": -1347.699999988079,"Y": 54.0,"Z": 5399.379368564135}