{"Date": "2026-06-16","X": 1851.300000011921,"Y": 136.0,"Z": 4109.925000011921}