{"Date": "2026-05-29","X": 2029.0981288000046,"Y": 64.0,"Z": 4678.514286854949}