{"Date": "2026-06-03","X": 6255.454025784685,"Y": 63.0,"Z": 7357.699523418374}