{"Date": "2026-05-29","X": 1999.1371312834103,"Y": 64.0,"Z": 4731.15642516975}