{"Date": "2026-05-29","X": 9543.463544361488,"Y": 85.0,"Z": -900.0837121770344}