{"Date": "2026-05-29","X": 1998.2867585772797,"Y": 64.0,"Z": 4699.854194535084}