{"Date": "2026-05-29","X": 3894.360998783163,"Y": 69.0,"Z": 5554.13903017925}