{"Date": "2026-05-29","X": 11132.48981544054,"Y": 69.0,"Z": -138.0668853108512}