{"Date": "2026-05-29","X": 1984.1093736325843,"Y": 64.0,"Z": 4665.758076464407}