{"Date": "2026-05-28","X": 1971.4683698729416,"Y": 66.0,"Z": 4445.1490045262835}