{"Date": "2026-05-29","X": 6.935928656444667,"Y": 69.0,"Z": 4979.01748568903}