{"Date": "2026-05-28","X": 1542.5628466766404,"Y": 72.0,"Z": 4797.211181579096}