{"Date": "2026-05-29","X": 1998.468088881324,"Y": 65.0,"Z": 4618.244317843319}