{"Date": "2026-05-29","X": -1356.7648205862602,"Y": 71.0,"Z": 5475.268101027573}