{"Date": "2026-05-28","X": 378.3976890084189,"Y": 104.5,"Z": 4860.206206150391}