{"Date": "2026-06-02","X": 602.6822622577297,"Y": 122.0,"Z": 556.3999626488536}