{"Date": "2026-05-29","X": 383.20976596183596,"Y": 66.9375,"Z": 4449.378149874381}