{"Date": "2026-05-29","X": 1749.1067980755133,"Y": 66.0,"Z": 4303.955781831615}