{"Date": "2026-05-28","X": 1095.885881351252,"Y": 73.0625,"Z": 4616.427681813494}