{"Date": "2026-05-29","X": 9539.726680934275,"Y": 79.0,"Z": -883.5133733885434}