{"Date": "2026-05-28","X": 512.5688356845181,"Y": 82.5,"Z": 4844.679198472662}