{"Date": "2026-05-29","X": 210.99590660062574,"Y": 72.0,"Z": 4956.641632600445}