{"Date": "2026-05-28","X": 2021.357487308644,"Y": 71.0625,"Z": 5027.213958754733}