{"Date": "2026-05-29","X": 2016.3862674258646,"Y": 65.0,"Z": 4721.969416887881}