{"Date": "2026-06-12","X": 1460.3482326775945,"Y": 62.9375,"Z": 4374.44046305309}