{"Date": "2026-05-28","X": 1519.3478827847405,"Y": 84.0,"Z": 4823.004085875122}