{"Date": "2026-05-28","X": 1142.8960119655248,"Y": 63.0,"Z": 4567.658899021706}