{"Date": "2026-05-29","X": 1998.3775820601793,"Y": 64.0,"Z": 4755.14891990504}