{"Date": "2026-05-28","X": 1536.137443041585,"Y": 19.5,"Z": 4775.0224162879085}