{"Date": "2026-06-02","X": 594.2534496285157,"Y": 123.0,"Z": 589.9088556692569}