{"Date": "2026-05-28","X": 396.05000001192093,"Y": 157.0,"Z": 4878.949999988079}