{"Date": "2026-05-29","X": 1979.5632634288722,"Y": 82.0,"Z": 4704.755840841131}