{"Date": "2026-06-02","X": 418.2961546936842,"Y": 80.0625,"Z": 4371.557686958392}