{"Date": "2026-05-29","X": 3858.16549469067,"Y": 63.0,"Z": 5564.430953771181}