{"Date": "2026-05-28","X": 1335.0843792348926,"Y": 71.5,"Z": 4543.571737153127}