{"Date": "2026-05-29","X": -1947.5651770040868,"Y": 65.0,"Z": 74.51122648986848}