{"Date": "2026-05-28","X": 1010.7970582700216,"Y": 84.0,"Z": 4580.912719231964}