{"Date": "2026-05-28","X": 849.6494235603103,"Y": 115.0,"Z": 4776.891585366389}