{"Date": "2026-05-29","X": -1343.5301817263585,"Y": 52.0,"Z": 5353.203184939357}