{"Date": "2026-06-12","X": 1367.0529792355144,"Y": 70.0,"Z": 4388.60220108898}