{"Date": "2026-05-30","X": 6435.4729452572365,"Y": 70.0,"Z": 6043.691241870008}