{"Date": "2026-05-30","X": 5960.467050957183,"Y": 64.0,"Z": 6647.494989650064}