{"Date": "2026-05-28","X": 2062.998452636484,"Y": 64.0,"Z": 4284.212899516238}