{"Date": "2026-05-29","X": 10957.078619450982,"Y": 69.0,"Z": -306.44886651796634}