{"Date": "2026-05-28","X": 1965.3122479082883,"Y": 64.0,"Z": 4417.833404400922}