{"Date": "2026-05-29","X": -1341.4991253516387,"Y": 92.0,"Z": 5474.65457439176}