{"Date": "2026-05-29","X": 1997.9542366399442,"Y": 64.0,"Z": 4677.107057960597}