{"Date": "2026-06-02","X": 623.0647451377203,"Y": 114.0,"Z": 581.0168690879237}