{"Date": "2026-05-28","X": 1457.4336876367336,"Y": 97.0,"Z": 4011.3526221647126}