{"Date": "2026-05-29","X": -1344.3924972786854,"Y": 63.0,"Z": 5362.209486451823}