{"Date": "2026-05-28","X": 1745.7638339382638,"Y": 64.0,"Z": 5220.266624799992}