{"Date": "2026-05-29","X": 1926.591286708405,"Y": 69.0,"Z": 4751.6405290671955}