{"Date": "2026-05-29","X": 1998.1581031576686,"Y": 64.0,"Z": 4812.319948215055}