{"Date": "2026-05-29","X": 1997.8146443267965,"Y": 20.0,"Z": 4747.73462328772}