{"Date": "2026-05-28","X": 960.0997537713313,"Y": 90.0,"Z": 4303.735979564317}