{"Date": "2026-05-28","X": 1557.300000011921,"Y": 64.5,"Z": 4723.699999988079}