{"Date": "2026-05-28","X": 1419.0902045978614,"Y": 69.0,"Z": 4712.851745709686}