{"Date": "2026-05-28","X": 1796.5320492064657,"Y": 104.36266135688999,"Z": 4463.664673437697}