{"Date": "2026-05-29","X": 3920.789376341461,"Y": 73.0,"Z": 5615.4366529105}