{"Date": "2026-05-28","X": 1067.3053556906536,"Y": 71.0,"Z": 4484.756420511967}