{"Date": "2026-05-29","X": 9518.142899504572,"Y": 84.0,"Z": -671.6667210256112}