{"Date": "2026-05-28","X": 884.5680361564157,"Y": 78.0,"Z": 4506.046705098465}