{"Date": "2026-05-28","X": 1519.0689964415901,"Y": 62.0,"Z": 4409.3082172239465}