{"Date": "2026-05-29","X": 2072.1335081284956,"Y": 76.0,"Z": 4664.353520198772}