{"Date": "2026-06-16","X": 1732.3467655896602,"Y": 61.0,"Z": 4270.946139714634}