{"Date": "2026-05-28","X": 1364.1158434692697,"Y": 67.0,"Z": 4618.087088353933}