{"Date": "2026-06-12","X": 1880.8639678538923,"Y": 66.0,"Z": 4372.529711192294}