{"Date": "2026-05-29","X": -1351.5019141409648,"Y": 75.0625,"Z": 5416.608325630447}