{"Date": "2026-05-28","X": 1863.4394235837945,"Y": 62.0,"Z": 4690.363688525561}