{"Date": "2026-05-29","X": 1547.5598338817108,"Y": 72.0,"Z": 4473.795481872612}