{"Date": "2026-05-29","X": 1975.8117805321554,"Y": 79.0,"Z": 4775.318131065146}