{"Date": "2026-06-12","X": 1034.638561396108,"Y": 118.0,"Z": 4577.78524378944}