{"Date": "2026-05-28","X": 1737.5891043041884,"Y": 64.0,"Z": 5239.487500011921}