{"Date": "2026-06-16","X": 1952.1078595161837,"Y": 20.0,"Z": 4693.085420874286}