{"Date": "2026-05-29","X": 11158.50883081149,"Y": 74.0,"Z": -158.3953665378244}