{"Date": "2026-05-28","X": 1168.2019747126706,"Y": 72.0,"Z": 4557.816681948679}