{"Date": "2026-05-29","X": 1826.2638066952254,"Y": 82.0,"Z": 4806.522647950351}