{"Date": "2026-05-28","X": 1716.682677842645,"Y": 68.0,"Z": 4616.196598283329}