{"Date": "2026-05-28","X": 1446.3991480045217,"Y": 82.0,"Z": 4381.292518153163}