{"Date": "2026-06-07","X": 5854.954273142956,"Y": 70.0,"Z": 6752.794327167627}