{"Date": "2026-05-29","X": 1835.033161568574,"Y": 63.0,"Z": 4385.994037660569}