{"Date": "2026-05-29","X": -1390.7929700719749,"Y": 72.0,"Z": 5441.26398433004}