{"Date": "2026-06-02","X": 408.99420726692415,"Y": 72.0,"Z": 4379.496915763997}