{"Date": "2026-05-29","X": 754.353458991459,"Y": 52.0,"Z": 4687.305503906543}