{"Date": "2026-05-31","X": 6483.4026520537145,"Y": 68.0,"Z": 7746.056742839675}