{"Date": "2026-05-29","X": 363.5635824500627,"Y": 67.0,"Z": 4419.298670903839}