{"Date": "2026-06-12","X": 412.3039666472063,"Y": 81.0,"Z": 4421.473434407367}