{"Date": "2026-05-28","X": 1421.9349996866952,"Y": 77.0,"Z": 4568.671163175572}