{"Date": "2026-05-29","X": 1858.8736744251128,"Y": 63.0,"Z": 6352.838141434419}