{"Date": "2026-05-28","X": 1707.0833274413442,"Y": 61.0,"Z": 4770.5537488863965}