{"Date": "2026-06-12","X": 1463.9429720351566,"Y": 68.0,"Z": 4385.480425926582}