{"Date": "2026-05-28","X": 1719.699999988079,"Y": 44.46505528465516,"Z": 4771.699999988079}