{"Date": "2026-05-28","X": 1118.3123175160524,"Y": 61.0,"Z": 4845.05968934876}