{"Date": "2026-05-28","X": 1612.300000011921,"Y": 69.0,"Z": 4714.699999988079}