{"Date": "2026-05-29","X": 11668.197343773132,"Y": 70.0,"Z": -742.3851177777979}