{"Date": "2026-05-28","X": 1409.6745415877797,"Y": 66.0,"Z": 4626.876722279921}