{"Date": "2026-05-28","X": 1154.4859597769914,"Y": 70.0,"Z": 4615.874539507149}