{"Date": "2026-05-29","X": -1881.23082555993,"Y": 64.0,"Z": 112.35352746414512}