{"Date": "2026-06-02","X": 608.5782282460755,"Y": 126.0,"Z": 585.1909680969403}