{"Date": "2026-05-28","X": 1017.2221346498867,"Y": 69.0,"Z": 4632.541740308006}