{"Date": "2026-05-29","X": 11678.812835206101,"Y": 64.0,"Z": -788.9160458805612}