{"Date": "2026-05-28","X": 876.8804879958471,"Y": 85.0,"Z": 4794.511263792135}