{"Date": "2026-05-29","X": 1862.9470147579698,"Y": 145.86707146880306,"Z": 4806.430906946824}