{"Date": "2026-05-28","X": 1960.907118366241,"Y": 64.0,"Z": 4850.25795441879}