{"Date": "2026-05-29","X": 441.9137275225179,"Y": 63.0,"Z": 4288.688113776539}