{"Date": "2026-06-16","X": 1848.9238266226664,"Y": 111.5,"Z": 4113.702648315807}