{"Date": "2026-05-31","X": 1952.3161717173666,"Y": 20.0,"Z": 4692.695320818047}