{"Date": "2026-05-29","X": 1866.0253101379008,"Y": 88.22286148859214,"Z": 4786.621782992225}