{"Date": "2026-05-29","X": 4012.7115574591317,"Y": 127.5,"Z": 5479.747096255153}