{"Date": "2026-05-28","X": 1712.736556037891,"Y": 76.0,"Z": 4707.379658990929}