{"Date": "2026-05-29","X": 1972.7310976498861,"Y": 20.0,"Z": 4740.630594966503}