{"Date": "2026-05-28","X": 1125.8574503502941,"Y": 72.0,"Z": 4602.420790089024}