{"Date": "2026-05-28","X": 2163.0506944908634,"Y": 61.912447204300264,"Z": 4200.423994433597}