{"Date": "2026-06-02","X": -320.5130273961702,"Y": 69.0,"Z": 440.52162760268817}