{"Date": "2026-05-28","X": 1139.4140443780402,"Y": 23.0,"Z": 4769.667835443997}