{"Date": "2026-05-29","X": 3885.2791638500335,"Y": 70.0,"Z": 5541.576602853857}