{"Date": "2026-05-28","X": 1510.446621571749,"Y": 25.0,"Z": 4827.588445990685}