{"Date": "2026-05-28","X": 2370.3851963238394,"Y": 224.0,"Z": 4047.63813170242}