{"Date": "2026-06-12","X": 1425.2439818430253,"Y": 67.0,"Z": 4340.42046661039}