{"Date": "2026-05-28","X": 401.5023414633202,"Y": 103.0,"Z": 4875.262945218867}