{"Date": "2026-05-29","X": 3995.9629756703926,"Y": 92.0,"Z": 5505.724962156625}