{"Date": "2026-05-29","X": 2449.2912512467497,"Y": 72.0,"Z": 6047.735787532425}