{"Date": "2026-06-16","X": 1762.8061465418814,"Y": 65.0,"Z": 4269.80764806929}