{"Date": "2026-05-28","X": 1541.3383201087547,"Y": 23.0,"Z": 4769.963009302506}