{"Date": "2026-05-28","X": 2002.4299764434916,"Y": 26.0,"Z": 5130.402579131693}