{"Date": "2026-05-29","X": 1983.6142131057818,"Y": 65.0,"Z": 4792.188998879604}