{"Date": "2026-05-28","X": 1581.154280496974,"Y": 63.0,"Z": 4790.083407320674}