{"Date": "2026-05-28","X": 1409.6206860616735,"Y": 66.0,"Z": 4534.696415008511}