{"Date": "2026-06-16","X": 1153.5633174672737,"Y": 72.0,"Z": 4595.026608463528}