{"Date": "2026-05-28","X": 1130.3977471032133,"Y": 84.0,"Z": 4527.051862267636}