{"Date": "2026-05-29","X": 819.5319970491419,"Y": 78.0,"Z": 4654.3126243799625}