{"Date": "2026-05-29","X": -1412.061076977543,"Y": 77.0,"Z": 5445.407970450707}