{"Date": "2026-05-28","X": 1907.1118894891604,"Y": 79.0,"Z": 4931.481326351516}