{"Date": "2026-05-30","X": 5822.294688440368,"Y": 71.0,"Z": 6738.369877702017}