{"Date": "2026-06-09","X": 5957.670102767843,"Y": 63.0,"Z": 6659.873670858039}