{"Date": "2026-05-28","X": 1129.3821699637203,"Y": 19.0,"Z": 4753.926652287494}