{"Date": "2026-05-29","X": -6.127254537552048,"Y": 66.0,"Z": -4.618784084181388}