{"Date": "2026-05-29","X": 464.81101216509995,"Y": 63.0,"Z": 4304.087785405815}