{"Date": "2026-05-28","X": 1426.4198275312112,"Y": 65.0,"Z": 4358.6406601613735}