{"Date": "2026-05-29","X": 2092.64206360831,"Y": 64.0,"Z": 4929.0994898609315}