{"Date": "2026-05-28","X": 2187.0327630099264,"Y": 90.0,"Z": 4709.1941096505225}