{"Date": "2026-05-28","X": 1970.7497915572083,"Y": 78.0,"Z": 4278.266615110754}