{"Date": "2026-06-12","X": 1311.9764533320817,"Y": 84.0,"Z": 4382.657764651126}