{"Date": "2026-05-29","X": -1400.8067971833,"Y": 70.0,"Z": 5419.957135397139}