{"Date": "2026-05-29","X": -178.4102286660868,"Y": 69.0,"Z": 4979.155580510448}