{"Date": "2026-05-28","X": 1981.3072610763109,"Y": 71.0,"Z": 4579.153754623504}