{"Date": "2026-05-29","X": 9465.968702864413,"Y": 70.0,"Z": -714.5729381095367}