{"Date": "2026-05-29","X": 9611.249339648515,"Y": 73.0,"Z": -748.6735246291005}