{"Date": "2026-06-12","X": 1350.8537289949672,"Y": 75.5,"Z": 4381.290526850119}