{"Date": "2026-05-28","X": 1425.436127176606,"Y": 68.5,"Z": 4386.29972245689}