{"Date": "2026-06-12","X": 1353.0694713036698,"Y": 71.0,"Z": 4381.948463871388}