{"Date": "2026-05-28","X": 899.1945902257986,"Y": 78.9375,"Z": 4219.076448108936}