{"Date": "2026-05-28","X": 1711.9780334995012,"Y": 74.0,"Z": 4845.961240503212}