{"Date": "2026-05-29","X": 1977.791798285443,"Y": 64.0,"Z": 4782.021638851379}