{"Date": "2026-05-29","X": -2893.05726866731,"Y": 75.5,"Z": 66.94011805637393}