{"Date": "2026-05-29","X": 412.05000001192093,"Y": 81.125,"Z": 4421.646866787575}