{"Date": "2026-05-29","X": -1343.8145301024736,"Y": 72.0,"Z": 5449.829614031046}