{"Date": "2026-06-16","X": 1867.224410981763,"Y": 147.0,"Z": 4117.700735587107}