{"Date": "2026-05-29","X": 375.05650049910884,"Y": 69.0,"Z": 4380.270916820135}