{"Date": "2026-05-28","X": 1232.699999988079,"Y": 48.0,"Z": 4617.454447595316}