{"Date": "2026-05-29","X": 6712.550843666142,"Y": 201.0,"Z": 7755.553216417924}