{"Date": "2026-05-28","X": 1264.5610289104138,"Y": 66.0,"Z": 4819.309905394851}