{"Date": "2026-05-28","X": 1418.9070757013574,"Y": 69.0,"Z": 4366.04575417975}