{"Date": "2026-05-28","X": 1018.6999999880791,"Y": 89.0,"Z": 4644.944091349724}