{"Date": "2026-05-28","X": 1424.7511480705625,"Y": 62.9375,"Z": 4379.33160505538}