{"Date": "2026-05-30","X": 5844.565134977199,"Y": 71.0,"Z": 6734.49717268014}