{"Date": "2026-05-28","X": 870.6152244500647,"Y": 74.0,"Z": 4165.3365479829845}