{"Date": "2026-05-28","X": 1285.2302860963182,"Y": 53.0,"Z": 4749.313554652358}