{"Date": "2026-06-12","X": 1898.3404283730927,"Y": 76.0,"Z": 4380.075498072525}