{"Date": "2026-05-28","X": 986.3044812828666,"Y": 88.0,"Z": 4115.365272543456}