{"Date": "2026-06-12","X": 803.2117506159346,"Y": 64.0,"Z": 4154.130071914832}