{"Date": "2026-05-29","X": 1919.0404691371768,"Y": 65.0625,"Z": 4731.773119133068}