{"Date": "2026-05-28","X": 2256.555890608348,"Y": 114.0,"Z": 4244.592269053903}