{"Date": "2026-05-29","X": -1896.3277130649922,"Y": 101.0,"Z": 90.28997848688199}