{"Date": "2026-05-28","X": 867.5308807859739,"Y": 88.0,"Z": 4541.682140224996}