{"Date": "2026-05-28","X": 1448.548808497183,"Y": 63.0,"Z": 4399.693419866646}