{"Date": "2026-06-13","X": 1329.298504359402,"Y": 71.0,"Z": 4382.195825061654}