{"Date": "2026-05-28","X": 851.2565125887713,"Y": 64.0,"Z": 4524.360773971702}