{"Date": "2026-05-29","X": 1998.7873810878984,"Y": 64.0,"Z": 4785.361352834182}