{"Date": "2026-06-16","X": 1809.1041157611844,"Y": 71.0,"Z": 4219.140738584272}