{"Date": "2026-06-03","X": 6664.716043631697,"Y": 199.0,"Z": 7807.132533958631}