{"Date": "2026-05-28","X": 1409.7128023679047,"Y": 66.375,"Z": 4608.858337351855}