{"Date": "2026-05-28","X": 1703.0613604710059,"Y": 19.5,"Z": 4761.256886374656}