{"Date": "2026-05-29","X": 1636.5916973528947,"Y": 64.0,"Z": 4327.26393839584}