{"Date": "2026-05-29","X": 1959.3942469645544,"Y": 64.0625,"Z": 4752.015785774152}