{"Date": "2026-05-28","X": 1139.3598016517044,"Y": 54.0,"Z": 4526.084412135543}