{"Date": "2026-05-28","X": 1396.4987310865681,"Y": 87.0,"Z": 5218.667778692592}