{"Date": "2026-05-29","X": 816.1576702579426,"Y": 67.0,"Z": 4496.34155612461}