{"Date": "2026-05-29","X": 2021.6116698289852,"Y": 73.0,"Z": 4757.727158683469}