{"Date": "2026-05-29","X": -1374.628029663197,"Y": 78.0625,"Z": 5406.671557505072}