{"Date": "2026-06-07","X": 5871.934521566889,"Y": 70.0,"Z": 6741.691512175392}