{"Date": "2026-06-16","X": 1664.269208082413,"Y": 63.0,"Z": 4298.111465466621}