{"Date": "2026-06-12","X": 1367.5845244790225,"Y": 70.0,"Z": 4378.916579826746}