{"Date": "2026-05-29","X": 2096.94565394738,"Y": 204.8455504805035,"Z": 4939.812981181885}