{"Date": "2026-05-28","X": 1357.3089434090798,"Y": 82.0,"Z": 3939.9539628264306}