{"Date": "2026-05-28","X": 1536.0656144570712,"Y": 59.0,"Z": 4766.433380668987}