{"Date": "2026-05-29","X": 417.5518846010791,"Y": 93.0,"Z": 4414.987500011921}