{"Date": "2026-05-29","X": 9546.472818721377,"Y": 98.77126569940296,"Z": -713.7376617730316}