{"Date": "2026-05-28","X": 1522.9750911736649,"Y": 62.0,"Z": 4405.182118477463}