{"Date": "2026-06-02","X": 589.8624726406069,"Y": 126.0,"Z": 575.1147313863195}