{"Date": "2026-05-28","X": 874.4649016617531,"Y": 64.0,"Z": 4389.897682585561}