{"Date": "2026-05-29","X": 775.5001423527759,"Y": 78.0,"Z": 4652.331788575761}