{"Date": "2026-06-12","X": 1385.8845928711753,"Y": 73.0,"Z": 4392.850059679974}