{"Date": "2026-05-29","X": 2037.8227190055272,"Y": 70.0625,"Z": 4729.826898874665}