{"Date": "2026-05-28","X": 2007.6381561708474,"Y": 66.0,"Z": 5028.6752193157445}