{"Date": "2026-05-29","X": 2021.21346346945,"Y": 64.0,"Z": 4740.362672522162}