{"Date": "2026-06-12","X": 1332.9118830058565,"Y": 72.0625,"Z": 4397.993550820046}