{"Date": "2026-05-28","X": 1088.7561152257467,"Y": 69.0,"Z": 4584.870684106248}