{"Date": "2026-05-29","X": 11148.976641119121,"Y": 68.0,"Z": -145.43247217382176}