{"Date": "2026-05-29","X": 2096.6224267140055,"Y": 64.0,"Z": 4803.360176271914}