{"Date": "2026-06-02","X": 597.5300458483822,"Y": 136.0,"Z": 581.2673422369606}