{"Date": "2026-05-29","X": 11122.519377905852,"Y": 68.0,"Z": -179.64229775596857}