{"Date": "2026-05-29","X": -1268.24769850049,"Y": 63.0,"Z": 5164.173869219332}