{"Date": "2026-05-29","X": -1854.8526593773674,"Y": 92.0,"Z": 58.83529496898273}