{"Date": "2026-06-02","X": 409.39247495752755,"Y": 72.0,"Z": 4370.891644736653}