{"Date": "2026-05-29","X": 10826.791344948859,"Y": 63.0,"Z": -604.6092318766664}