{"Date": "2026-05-29","X": 3907.6512384094995,"Y": 62.9375,"Z": 5592.627451372674}