{"Date": "2026-06-02","X": 393.44535542074186,"Y": 69.5,"Z": 4411.459577398891}