{"Date": "2026-05-28","X": 1062.5469750626887,"Y": 103.0,"Z": 4542.284650310499}