{"Date": "2026-05-29","X": 11132.088775929682,"Y": 68.0,"Z": -156.35721991225745}