{"Date": "2026-06-12","X": 876.73456389794,"Y": 69.0,"Z": 4189.19806412044}