{"Date": "2026-05-29","X": 11176.81590701724,"Y": 66.0,"Z": -170.26402619122928}