{"Date": "2026-05-29","X": 1944.7531784317916,"Y": 64.0,"Z": 4762.703050642173}