{"Date": "2026-05-28","X": 2295.643535191836,"Y": 150.0,"Z": 4198.735251508679}