{"Date": "2026-05-30","X": 6900.983478115808,"Y": 64.0,"Z": 7321.7138493749435}