{"Date": "2026-05-28","X": 1220.3191766627785,"Y": 74.0,"Z": 3876.1019970724665}