{"Date": "2026-05-28","X": 1116.6233254283936,"Y": 68.0,"Z": 4513.108420720633}