{"Date": "2026-06-03","X": 11235.166815822915,"Y": 66.5,"Z": -696.6246888650941}