{"Date": "2026-05-28","X": 867.492372497554,"Y": 78.875,"Z": 4499.337092856805}