{"Date": "2026-05-28","X": 2280.57005234315,"Y": 65.0,"Z": 4877.054907615017}