{"Date": "2026-05-29","X": 2042.073856796929,"Y": 66.0,"Z": 4770.410831523797}