{"Date": "2026-05-30","X": 5898.621405680085,"Y": 69.0,"Z": 6755.803595985479}