{"Date": "2026-05-28","X": 1077.3063890011144,"Y": 70.0,"Z": 4602.699999988079}