{"Date": "2026-05-29","X": 2095.1324501525132,"Y": 64.0,"Z": 4678.233169971873}