{"Date": "2026-06-12","X": 1462.519900196842,"Y": 64.0,"Z": 4366.846946204696}