{"Date": "2026-06-12","X": 1349.4914547162618,"Y": 71.0,"Z": 4388.855143921814}