{"Date": "2026-06-12","X": 1066.299504861254,"Y": 70.0,"Z": 4201.700819315954}