{"Date": "2026-05-28","X": 2022.7932825831756,"Y": 55.0,"Z": 4215.543977302877}