{"Date": "2026-05-29","X": -1354.1748038592523,"Y": 65.0,"Z": 5394.134065221523}