{"Date": "2026-05-28","X": 1722.300000011921,"Y": 62.0,"Z": 4755.300000011921}