{"Date": "2026-05-28","X": 1428.4737879532913,"Y": 67.9375,"Z": 4321.525029691218}