{"Date": "2026-05-28","X": 1704.2230769041196,"Y": 23.0,"Z": 4769.907199646218}