{"Date": "2026-05-29","X": -1917.1224884877458,"Y": 67.9375,"Z": 90.12577743404157}