{"Date": "2026-05-29","X": -1325.337635185344,"Y": 78.0,"Z": 5469.52264705001}