{"Date": "2026-05-31","X": 6397.996956885505,"Y": 69.0,"Z": 7703.785814642994}