{"Date": "2026-05-29","X": 3983.0280871739546,"Y": 116.0,"Z": 5474.506207620882}