{"Date": "2026-05-29","X": 11515.661940662454,"Y": 65.0,"Z": -1067.3247750173507}