{"Date": "2026-05-28","X": 1600.2444834609498,"Y": 75.0,"Z": 5007.280394723656}