{"Date": "2026-05-28","X": 1376.1622667036384,"Y": 104.0,"Z": 4351.418199175629}