{"Date": "2026-05-29","X": -1948.150865346732,"Y": 62.9375,"Z": 89.74236755978143}