{"Date": "2026-05-29","X": -1344.6066935919239,"Y": 72.0,"Z": 5475.5036279113465}