{"Date": "2026-05-29","X": 10842.816114298796,"Y": 63.0,"Z": -617.6104779274227}