{"Date": "2026-05-29","X": 471.8591949903651,"Y": 74.0,"Z": 4308.082188184422}