{"Date": "2026-05-28","X": 1087.6542049336954,"Y": 85.0,"Z": 4591.853204633514}