{"Date": "2026-05-29","X": 6726.612396026696,"Y": 210.0,"Z": 7761.59095144605}