{"Date": "2026-05-29","X": -1856.3700090827685,"Y": 97.0,"Z": 129.4981687566433}