{"Date": "2026-06-16","X": 1147.7986998040797,"Y": 73.0,"Z": 4576.071941021262}