{"Date": "2026-06-12","X": 1324.9469777455793,"Y": 80.5,"Z": 4348.59894438221}