{"Date": "2026-05-29","X": 2042.2476228224575,"Y": 65.0,"Z": 4693.945208543572}