{"Date": "2026-05-28","X": 1599.5334511939259,"Y": 65.0,"Z": 4997.981270539523}