{"Date": "2026-05-29","X": 337.8665014135529,"Y": 77.0,"Z": 4398.432867306932}