{"Date": "2026-05-29","X": 444.2589925846676,"Y": 63.0,"Z": 4309.694518715314}