{"Date": "2026-05-29","X": -1315.6024137115214,"Y": 137.5,"Z": 5238.069939391103}