{"Date": "2026-05-28","X": 1275.7196712577593,"Y": 68.0,"Z": 4704.2954105559475}