{"Date": "2026-05-28","X": 1789.622728221085,"Y": 89.0,"Z": 5026.607238935628}