{"Date": "2026-05-29","X": 326.33200707949766,"Y": 69.0,"Z": 4422.585613186779}