{"Date": "2026-05-29","X": 11512.544649857982,"Y": 65.0,"Z": -1085.3373315669194}