{"Date": "2026-05-29","X": 11107.156328239595,"Y": 68.0,"Z": -140.9709258895425}