{"Date": "2026-05-30","X": 5865.180068447997,"Y": 69.0,"Z": 6716.020761510934}