{"Date": "2026-06-16","X": 1858.8286547458717,"Y": 127.0,"Z": 4123.990616141941}