{"Date": "2026-06-12","X": 442.07942775778196,"Y": 63.0,"Z": 4290.438749224361}