{"Date": "2026-05-28","X": 2012.7167912927375,"Y": 76.0,"Z": 5051.822983318278}