{"Date": "2026-05-28","X": 2049.956576800731,"Y": 71.0,"Z": 4219.721584723631}