{"Date": "2026-05-29","X": 11160.54952735473,"Y": 68.0,"Z": -138.98496258087167}