{"Date": "2026-05-29","X": 1959.5547257602523,"Y": 76.0,"Z": 4727.395756504766}