{"Date": "2026-05-29","X": 11050.565435399327,"Y": 66.0,"Z": -260.51600410421565}