{"Date": "2026-05-28","X": 1182.2536856638503,"Y": 73.0,"Z": 3908.26848495702}