{"Date": "2026-05-28","X": 1925.3621701529307,"Y": 79.0,"Z": 4939.422708004324}