{"Date": "2026-05-29","X": 2053.1387781329777,"Y": 64.0,"Z": 4678.540057718008}