{"Date": "2026-05-28","X": 1416.9218622045635,"Y": 111.0,"Z": 4083.949552919806}