{"Date": "2026-06-03","X": 1297.6888824725668,"Y": 67.0,"Z": 4732.161712933922}