{"Date": "2026-05-28","X": 1088.408854387209,"Y": 73.0,"Z": 4619.296265236831}