{"Date": "2026-06-07","X": 5890.182181134395,"Y": 70.0,"Z": 6745.7802333300415}