{"Date": "2026-05-28","X": 1689.2008019166276,"Y": 76.9375,"Z": 4789.8102199571995}