{"Date": "2026-05-28","X": 1716.7570224677781,"Y": 68.0,"Z": 4713.46963221987}