{"Date": "2026-05-29","X": -6.027220107237805,"Y": 65.0,"Z": 25.900399326221997}