{"Date": "2026-05-28","X": 1022.4339441169083,"Y": 120.0,"Z": 4579.589951896179}