{"Date": "2026-05-29","X": 785.5152966228273,"Y": 13.0,"Z": 4670.39152382213}