{"Date": "2026-05-28","X": 1712.2060006505435,"Y": 74.0,"Z": 4982.634910496019}