{"Date": "2026-05-29","X": 2084.3993593321065,"Y": 87.0,"Z": 4664.562457029634}