{"Date": "2026-05-29","X": 9464.397003234131,"Y": 83.0,"Z": -695.6407954173013}