{"Date": "2026-05-29","X": 6699.79131127779,"Y": 205.0,"Z": 7770.375462660659}