{"Date": "2026-05-28","X": 922.9468692357815,"Y": 66.0,"Z": 4471.434958821551}