{"Date": "2026-05-29","X": 1889.8160933177262,"Y": 85.0,"Z": 4859.959121949659}