{"Date": "2026-05-29","X": 1869.0743319593466,"Y": 63.9375,"Z": 4740.5333643145905}