{"Date": "2026-05-28","X": 1128.3380991025083,"Y": 66.0,"Z": 4764.030958460626}