{"Date": "2026-05-29","X": 10964.376731074413,"Y": 66.0,"Z": -271.4807331239803}