{"Date": "2026-05-29","X": 4013.1111747198165,"Y": 116.0,"Z": 5486.337356506495}