{"Date": "2026-05-29","X": 1998.6770437867808,"Y": 65.0,"Z": 4900.4288108930905}