{"Date": "2026-05-29","X": 748.5064819002724,"Y": 24.0,"Z": 4674.448840327281}