{"Date": "2026-05-29","X": 8.171802269355123,"Y": 67.0,"Z": 14.989522872809275}