{"Date": "2026-05-28","X": 917.6261466813323,"Y": 65.0,"Z": 4601.096117856723}