{"Date": "2026-05-28","X": 1864.056184443477,"Y": 93.0,"Z": 4973.101352274337}