{"Date": "2026-05-28","X": 1216.1679894151441,"Y": 92.0,"Z": 4545.66013801577}