{"Date": "2026-05-29","X": 363.7252052699074,"Y": 65.0,"Z": 4475.83298994427}