{"Date": "2026-06-02","X": 1970.144523280902,"Y": 94.0,"Z": 5495.908453517803}