{"Date": "2026-05-30","X": 6841.495128923764,"Y": 64.0,"Z": 7321.493270287263}