{"Date": "2026-05-28","X": 1537.402209363288,"Y": 29.5,"Z": 4758.525226340687}