{"Date": "2026-05-28","X": 1139.902007844586,"Y": 66.0,"Z": 4558.499569320151}