{"Date": "2026-05-29","X": 1981.3766225932657,"Y": 85.0,"Z": 4888.15453111195}