{"Date": "2026-05-28","X": 1009.3000000119209,"Y": 115.0,"Z": 4578.884426632128}