{"Date": "2026-06-12","X": 449.41259780790085,"Y": 98.49267616415861,"Z": 4221.4340813577655}