{"Date": "2026-05-28","X": 1998.5819092526176,"Y": 28.5,"Z": 4873.300000011921}