{"Date": "2026-05-29","X": 749.180391269113,"Y": 118.54474048797483,"Z": 4402.9041452894435}