{"Date": "2026-05-29","X": 10944.893888271477,"Y": 64.0,"Z": -291.0222732259923}