{"Date": "2026-05-28","X": 1263.4856490421123,"Y": 66.0,"Z": 4782.953845798914}