{"Date": "2026-05-29","X": 1983.8694111947589,"Y": 65.0,"Z": 4722.166920196405}