{"Date": "2026-05-28","X": 1374.8395419109984,"Y": 108.0,"Z": 4096.311323447941}