{"Date": "2026-06-03","X": 6421.702063884678,"Y": 177.0,"Z": 7445.857748736487}