{"Date": "2026-06-02","X": 582.9130587949822,"Y": 113.0,"Z": 600.0020929307494}