{"Date": "2026-05-29","X": 2014.4171935311495,"Y": 72.0,"Z": 4791.379886501672}