{"Date": "2026-05-29","X": 1859.3761729622995,"Y": 88.0,"Z": 4854.886323927917}