{"Date": "2026-05-29","X": 2003.8601979062566,"Y": 61.962604430029536,"Z": 4932.062182359442}