{"Date": "2026-05-29","X": 9412.53686327589,"Y": 82.0,"Z": -657.6013159588014}