{"Date": "2026-06-02","X": 603.8121140564541,"Y": 131.0,"Z": 573.0909676890603}