{"Date": "2026-05-28","X": 1080.143086576884,"Y": 92.0,"Z": 4689.373836739834}