{"Date": "2026-05-28","X": 1484.6124961907565,"Y": 63.0,"Z": 4417.228311185368}