{"Date": "2026-05-29","X": -2862.8357279843153,"Y": 76.0,"Z": 126.21348033976761}