{"Date": "2026-06-03","X": 1273.9565603024196,"Y": 67.0,"Z": 4770.770279288646}