{"Date": "2026-05-28","X": 1257.8101551962734,"Y": 73.0,"Z": 4743.624433328384}