{"Date": "2026-05-29","X": 1984.044493715754,"Y": 65.0,"Z": 4690.986429815177}