{"Date": "2026-06-02","X": 573.7724125612962,"Y": 124.0,"Z": 581.8304978682346}