{"Date": "2026-05-28","X": 1906.5953480940593,"Y": 14.0,"Z": 4926.05626797753}