{"Date": "2026-05-28","X": 1607.815524551384,"Y": 64.0,"Z": 5004.918188541866}