{"Date": "2026-05-29","X": -1342.1795096737367,"Y": 86.0,"Z": 5476.658404043943}