{"Date": "2026-05-29","X": -1351.2606832149734,"Y": 74.0,"Z": 5197.099118711034}