{"Date": "2026-05-28","X": 1416.2237131769343,"Y": 79.9375,"Z": 5195.345465456646}