{"Date": "2026-05-28","X": 1478.1983428200015,"Y": 64.0,"Z": 4519.325710913339}