{"Date": "2026-05-28","X": 1540.032877675874,"Y": 64.0,"Z": 4757.116565386069}