{"Date": "2026-05-28","X": 1906.699999988079,"Y": 85.0,"Z": 4958.300000011921}