{"Date": "2026-05-29","X": 1974.4557211440444,"Y": 65.0,"Z": 4806.468723380231}