{"Date": "2026-05-28","X": 1389.7525057649816,"Y": 68.0,"Z": 4569.025341050302}