{"Date": "2026-05-28","X": 1495.6214120444677,"Y": 76.0,"Z": 5040.841918630036}