{"Date": "2026-05-29","X": 1154.510674896665,"Y": 70.0,"Z": 4606.423485220257}