{"Date": "2026-05-28","X": 1015.875062184004,"Y": 69.0,"Z": 4648.91380262728}