{"Date": "2026-06-02","X": 2992.8011305015675,"Y": 63.085764312744146,"Z": 4484.842342608344}