{"Date": "2026-05-29","X": 2015.407336273732,"Y": 64.0,"Z": 4777.34982429767}