{"Date": "2026-05-29","X": 2021.968146478594,"Y": 65.0,"Z": 4762.85263124867}