{"Date": "2026-05-29","X": 3951.7374653763377,"Y": 90.0,"Z": 5481.084710303931}