{"Date": "2026-06-12","X": 1313.6096289032712,"Y": 76.0,"Z": 4391.025781086949}