{"Date": "2026-05-29","X": 11096.445714606474,"Y": 66.0,"Z": -260.7167504491637}