{"Date": "2026-05-28","X": 870.4597399200245,"Y": 63.0,"Z": 4115.8566674951335}