{"Date": "2026-06-12","X": 420.50072918118195,"Y": 62.5,"Z": 4309.320213871693}