{"Date": "2026-05-28","X": 1998.5819092526176,"Y": 65.0,"Z": 4872.186528390562}