{"Date": "2026-06-16","X": 1729.7449976828184,"Y": 63.0,"Z": 4239.816286950395}