{"Date": "2026-05-28","X": 1150.9444329091382,"Y": 89.0,"Z": 4580.699999988079}