{"Date": "2026-05-28","X": 887.5465501693108,"Y": 65.0,"Z": 4417.481952804175}