{"Date": "2026-05-29","X": 1867.0684861992174,"Y": 88.0,"Z": 4806.636199257042}