{"Date": "2026-05-29","X": 37.16472197463226,"Y": 70.0,"Z": 86.83043352895234}