{"Date": "2026-06-02","X": 380.76416952163663,"Y": 71.0,"Z": 4381.757621352813}