{"Date": "2026-05-28","X": 2001.72498149979,"Y": 61.0,"Z": 5045.8380797847185}