{"Date": "2026-05-29","X": 11675.50931792364,"Y": 64.0,"Z": -799.7879869131406}