{"Date": "2026-06-02","X": 584.9469151774757,"Y": 130.0,"Z": 561.740097240005}