{"Date": "2026-05-29","X": 11484.482159993453,"Y": 68.0,"Z": -142.3980080949436}