{"Date": "2026-05-28","X": 1557.3150601400232,"Y": 33.0,"Z": 4895.878381492053}