{"Date": "2026-05-28","X": 1311.6046751345598,"Y": 64.0,"Z": 4451.933623016185}