{"Date": "2026-06-16","X": 1747.6663137873743,"Y": 61.0,"Z": 4259.955370928029}