{"Date": "2026-05-28","X": 1767.8529435423663,"Y": 105.0,"Z": 5011.373767264863}