{"Date": "2026-05-30","X": 5892.910554109357,"Y": 71.0,"Z": 6742.4295527883405}