{"Date": "2026-05-28","X": 1739.229320580458,"Y": 89.0,"Z": 5013.600537830618}