{"Date": "2026-05-28","X": 1457.4149562213333,"Y": 75.0,"Z": 5169.045696789071}