{"Date": "2026-06-12","X": 1915.1025161285434,"Y": 74.0,"Z": 4372.727467177607}