{"Date": "2026-05-28","X": 1378.0012840815284,"Y": 89.0,"Z": 4332.4571377743205}