{"Date": "2026-05-29","X": -1861.5539305576312,"Y": 103.0,"Z": 74.5378187839755}