{"Date": "2026-05-28","X": 1998.6734563034875,"Y": 63.0,"Z": 4392.887382776186}