{"Date": "2026-05-28","X": 878.5208695353601,"Y": 19.0,"Z": 4630.2754460020105}