{"Date": "2026-05-29","X": 1902.450288185978,"Y": 79.0,"Z": 6316.935064857516}