{"Date": "2026-05-28","X": 1929.9475320314114,"Y": 70.0,"Z": 5059.009569665564}