{"Date": "2026-06-02","X": 417.5039256852443,"Y": 73.0,"Z": 4370.195463998313}