{"Date": "2026-05-29","X": 1951.9717746337658,"Y": 64.0,"Z": 4739.968934669221}