{"Date": "2026-05-28","X": 1042.2445204966525,"Y": 68.0,"Z": 3998.5610723464843}