{"Date": "2026-05-28","X": 1238.300000011921,"Y": 92.0,"Z": 4559.699999988079}