{"Date": "2026-06-02","X": 607.854327705013,"Y": 136.0,"Z": 574.6972703120687}