{"Date": "2026-05-28","X": 921.3328722595139,"Y": 64.0,"Z": 4499.6463492429675}