{"Date": "2026-05-28","X": 2238.7964200018278,"Y": 65.0,"Z": 4760.981437525896}